Origin/Destination,Munich,Stuttgart,Berlin,Frankfurt+am+Main,Hannover,Cologne,Potsdam,Bremen,Hamburg,Leipzig,Rostock,Saarbrucken,Halle+(Saale),Kiel,Erfurt,Mainz,Dusseldorf,Dortmund,Essen,Dresden,Nurnberg,Duisburg,Bochum,Wuppertal,Bielefeld,Bonn,Munster,Karlsruhe,Mannheim,Augsburg,Wiesbaden,Gelsenkirchen,Monchengladbach,Braunschweig,Chemnitz,Aachen,Magdeburg,Freiburg im Breisgau,Krefeld,Lubeck,Oberhausen,Kassel,Hagen,Hamm,Mulheim an der Ruhr,Ludwigshafen am Rhein,Oldenburg,Leverkusen,Osnabruck,Solingen,Heidelberg,Herne,Neuss,Darmstadt,Paderborn,Regensburg,Ingolstadt,Wurzburg,Furth,Wolfsburg,Offenbach am Main,Ulm,Heilbronn,Pforzheim,Gottingen,Bottrop,Trier,Recklinghausen,Reutlingen,Bremerhaven,Koblenz,Bergisch Gladbach,Jena,Remscheid,Erlangen,Moers,Siegen,Hildesheim,Salzgitter
Munich,0,232535,584532,392268,632316,573803,554489,767437,791315,429595,778513,440449,439062,886711,396177,426943,615559,604073,636556,461315,169220,634345,622260,615890,596608,559821,659238,296957,357930,79939,423406,637902,637864,608614,386304,646200,521975,423329,639864,827934,638181,475717,589148,613158,625183,359868,810189,598954,644757,597491,342669,623129,619200,397776,549646,124320,80149,276764,173852,600322,384317,151902,290041,269776,513980,646037,506989,632486,250823,821842,500143,578336,371319,606952,189524,650668,515803,601164,596791
Stuttgart,233117,0,632103,206191,512623,368494,602060,631806,655685,477165,826084,218201,460739,751080,339191,209149,410249,419024,427285,508886,210273,429036,437211,410581,476916,354511,474189,74708,135682,164362,214907,448793,412816,498390,433875,421379,510139,201081,434554,715043,432871,356025,404099,448077,419874,137620,629329,393645,526846,392181,120421,444117,413891,175528,429954,296346,237800,146851,214906,527175,212303,94798,53484,47527,394288,440728,284741,453474,38614,686211,277895,373026,381207,401643,227934,445358,330754,481472,481861
Berlin,584984,632143,0,549722,286429,579542,35433,406649,288832,189852,233686,727743,170110,355471,305131,578685,561725,492438,531356,193280,440147,548823,517060,527169,389041,600539,472010,673174,627280,587581,574340,517249,599111,235549,263492,638695,156759,805136,574691,283107,530588,380264,504763,463560,540402,629219,449108,555134,418773,543319,632074,508405,562760,578768,428012,498398,509743,492199,454174,227256,555902,617483,591890,662350,335595,524183,723146,508934,674896,461054,604542,559276,247703,535434,442950,553013,581372,280295,246989
Frankfurt+am+Main,392635,205643,551088,0,354471,190458,521045,446247,497533,396150,670724,185083,383884,592928,262136,43597,232213,224386,249248,466443,224148,250999,242573,232544,318764,176475,279551,137917,84252,361715,38901,258216,254518,340238,398690,262855,428811,269878,256518,556891,254835,197873,209461,253439,241837,86190,434691,215608,332208,214145,89045,243443,235854,35739,271802,324211,317394,119237,217662,369023,10348,290006,151930,159706,236136,262691,188928,252799,233813,528059,123742,194990,304152,223606,212822,267322,136116,323320,323709
Hannover,633059,512248,284998,350080,0,298884,254955,127491,151369,261979,324561,528102,221396,246765,248913,379044,281067,211780,250698,365921,464573,268165,236402,246512,108383,319881,191352,481304,427639,602405,374699,236591,318453,66019,352985,358037,147166,613266,294033,210727,249930,167814,224106,182902,259745,429577,170243,274476,138115,262661,432433,227747,282102,379127,147354,570843,557818,365867,458086,87685,356261,548889,472221,503094,123144,243525,482021,228276,555002,181896,397515,278619,320148,254776,447378,272356,300714,34662,69430
Cologne,575325,369053,572641,191024,291530,0,542598,315008,425125,497139,598316,258825,455662,509575,367014,180170,44438,93464,70913,571321,406838,72663,82405,54209,193339,28833,148313,301326,247661,522980,165981,92420,65848,353661,503567,86182,434808,433288,60862,484482,76499,241821,76118,122200,63501,249599,303453,37272,200969,35809,252346,87745,40198,200217,182956,506901,500084,301927,400352,375327,197981,453416,315339,323116,292292,84355,187380,97101,397223,378295,117643,17799,409030,45270,395512,75543,92201,331430,366198
Potsdam,555680,602839,35434,520418,257125,550238,0,365068,283796,160548,228650,698440,140807,350436,275827,549382,532422,463134,502052,202351,410844,519520,487757,497866,359738,571235,442707,643870,597977,558277,545037,487946,569808,206245,272563,609391,127456,775832,545387,278071,501284,350961,475460,434256,511099,599915,407820,525830,389469,514015,602770,479101,533456,549465,398708,469094,480439,462896,424871,197952,526599,588179,562586,633046,306291,494880,693842,479631,645592,419473,575238,529973,218399,506131,413647,523710,552068,250992,217686
Bremen,767540,631159,401366,441902,135651,321138,365066,0,122196,372089,295388,575720,331507,206647,367823,470866,297140,234034,262719,476031,583483,273541,241463,268766,182726,342136,172122,573126,519461,721316,466521,245211,323829,176129,463095,380291,257277,705088,299409,181554,260840,286724,246360,216887,271766,521399,50945,296730,121986,284915,524255,236158,302550,470949,263373,680954,692299,484778,576997,197795,448083,667799,591132,594916,242055,243485,504275,228898,673912,65418,419769,300873,430259,277031,566289,277731,322968,153572,188340
Hamburg,790853,654473,288378,492305,158965,430679,283499,125686,0,395403,184624,670327,354821,97845,391137,521269,406681,343576,372260,476438,606797,383082,351004,378307,247717,451677,281663,623529,569864,744630,516924,354752,433370,199443,486409,489832,280591,755491,408950,70791,370381,310038,355901,322235,381307,571802,168145,406272,231527,394456,574657,345699,412091,521352,286687,704268,715613,508092,600311,221109,498486,691113,614446,645318,265369,353026,613816,338439,697226,180090,529310,410414,453573,386572,589603,387272,432509,176886,211654
Leipzig,429889,477048,190147,394627,264767,503065,160104,372711,396589,0,384127,572649,44335,491985,160893,423591,485249,415619,450007,122336,285053,471576,435712,450693,367380,502180,453828,518079,472186,432486,419246,448474,509924,213888,85462,562218,127249,650041,485422,433548,461813,254486,428287,401717,459054,474124,415462,478657,397112,466842,476979,436331,486283,423674,338205,343303,354648,337105,299080,205595,400808,462388,436795,507255,227362,461814,568051,446565,519801,427115,449447,482800,92608,458958,287856,490644,432042,236971,202064
Rostock,778348,825507,232958,666595,333255,604969,228079,299975,188864,383216,0,844616,363475,200164,498495,695558,580970,517865,546550,421017,633512,557372,525293,552597,422006,625966,455953,797819,744153,780946,691213,529042,607660,373733,474223,664122,332282,929780,583240,122414,544671,484328,530191,496524,555596,746092,342434,580561,405817,568746,748947,519989,586381,695641,460976,691762,703108,685564,647539,248801,672775,810847,785254,819608,439658,527315,788106,512729,868261,354380,703600,584704,441067,560862,636315,561562,606799,351176,385944
Saarbrucken,439948,217267,724575,184806,527959,261925,694532,552133,671020,569637,844211,0,557371,766416,435624,150904,279071,330589,308408,639930,371059,310159,319529,291704,430464,232050,385438,144071,134356,371194,159485,329916,275083,513725,572177,261842,602298,209272,295495,730378,313995,371360,313243,359325,300997,135759,540578,274397,438094,273305,155398,324870,274832,171553,445289,457131,438939,294687,375691,542510,190741,301629,210492,171329,409623,321851,96501,334226,245437,615420,197546,269106,477640,282395,388272,310176,309603,496807,497196
Halle+(Saale),438133,485292,170501,378587,223486,462919,140458,331429,355307,42683,364481,556609,0,450703,120747,407551,445103,375473,409861,146625,293296,431430,395565,410547,326098,483916,413682,509811,456146,440730,403206,408328,469778,172606,133689,522072,85967,641773,445276,414665,421666,214340,388141,361571,418908,458084,374181,438511,355830,426696,460939,396185,446137,407634,298059,351547,362892,315047,307324,164313,384768,470632,445039,515499,187216,421668,552011,406419,528045,385834,433407,442654,100852,418812,296099,450498,416002,195689,160783
Kiel,886705,750324,354809,588156,254816,515634,349930,210641,97191,491254,202221,766178,450672,0,486988,617120,491636,428531,457215,542869,702648,468037,435959,463262,343568,536632,366619,719380,665715,840481,612775,439708,518325,295294,582260,574787,376442,851342,493905,88387,455336,405889,440856,418086,466262,667653,253100,491227,316482,479411,670508,430654,497046,617203,382538,800119,811464,603943,696162,316960,594337,786964,710297,741169,361220,437981,698771,423394,793077,265045,614265,495369,549424,471527,685454,472228,517464,272737,307505
Erfurt,398566,340411,301710,257245,249241,375757,271667,368424,392302,146772,495690,435267,120529,487698,0,286208,415405,345775,380164,217065,229817,401732,365868,380849,315323,364798,383984,388469,334804,430568,281864,378630,445525,215323,149312,453861,169929,520430,415579,451660,391969,194432,358443,331873,389210,336742,411176,408814,363472,396998,339597,366487,416440,286291,268361,325709,323325,194030,223330,248275,263426,377051,300384,370618,188971,391970,430669,376721,383164,422828,312065,365236,54774,389114,210666,420800,294660,218089,218478
Mainz,427808,209141,575806,44529,379189,179617,545762,470964,522250,420868,695441,147465,408601,617646,286854,0,221373,249104,238408,491161,259321,240159,249900,221704,343482,168295,304269,141414,83171,363068,16732,259916,232645,364956,423408,241208,453529,273376,253057,581608,243995,222590,234179,278156,230997,84574,459409,204768,356925,203305,92434,255240,232394,40304,296520,359384,352567,154410,252835,393741,50464,293504,155427,163204,260854,251851,148170,264597,237311,552777,97724,184149,328870,212766,247995,267739,160834,348038,348426
Dusseldorf,612206,405934,558617,227905,277507,43988,528574,292477,402593,483116,575784,302685,441638,487044,403684,217051,0,70767,35427,581894,443720,27757,51237,34307,179316,75747,126105,338208,286395,559861,202862,56109,34357,339638,540237,88342,420785,470169,24607,461951,40188,227797,62095,108177,28017,287798,280921,52799,178438,32722,289227,54089,10313,237098,168933,543782,536965,338808,437233,361304,234862,490297,352221,359997,278269,48044,231240,73054,434104,355763,154524,45274,445700,43913,432393,39289,128871,317406,352175
Dortmund,605828,419631,492745,220681,211634,100347,462702,235447,352141,417882,525332,354928,376404,430014,348210,249645,70240,0,37013,516659,437341,58582,22718,47974,113443,121344,68752,351905,298240,574908,245300,35480,96930,273765,484763,159499,354912,483867,72428,411499,48819,162563,25986,42304,46060,300178,223892,75939,121408,64124,303033,23337,75651,249728,103699,537404,530587,332430,430855,295431,226862,503994,365918,373694,213034,46995,283484,32694,447801,298734,198978,80081,390226,56239,426015,69243,101747,251534,286302
Essen,634155,427883,531967,249853,250856,77841,501924,252105,362221,451533,535413,326996,410055,446672,381861,239000,35791,37837,0,550310,465668,23722,18308,36473,152665,98839,85733,360156,306491,581810,224811,14441,62480,312987,518414,128010,394134,492118,37979,421579,14277,196214,57208,81526,11200,308429,240550,83659,138066,42900,311176,21160,41201,259046,137349,565731,558914,360757,459182,334653,256811,512245,374169,381945,246685,13128,255551,32307,456053,315392,176472,67222,423877,63960,454342,37327,132968,290756,325524
Dresden,459551,506710,193290,459513,365013,578025,204095,472956,496834,120478,422446,637535,144581,544231,214922,488477,583696,514066,548454,0,314714,570023,534159,549140,467626,567066,552275,547741,537072,462148,484132,546921,608371,314133,77875,656130,227494,679703,583869,471867,560260,352933,526734,500164,557501,539010,515708,577104,497357,565289,522946,534778,584730,488560,436652,344452,384310,366766,328741,305840,465694,492050,466457,536917,325809,560261,632937,545012,549463,527361,514333,567504,172824,557405,317517,589091,496928,337216,302310
Nurnberg,169666,210384,448671,224479,464526,406014,418627,583709,607587,293733,642651,371153,303200,702983,228097,259154,447769,436283,468766,325453,0,466556,454470,448101,428819,392031,491448,251416,241620,149393,255616,470113,470075,472753,250442,478411,386114,383377,472074,666945,470391,307927,421358,445369,457394,243558,626461,431165,476968,429701,226621,455340,451411,228597,381857,112913,94426,108975,9373,464460,216527,195724,170131,240591,346191,478248,418040,464696,253138,638114,339298,410546,235457,439163,21444,482878,348013,433375,433763
Duisburg,634307,428035,548374,250006,267264,77993,518331,268357,378473,472317,551665,327148,430839,462924,402645,239152,28810,58622,23321,571094,465820,0,39092,56673,169072,98991,101985,360308,306643,581962,224963,32223,55495,329394,539199,121024,410541,492270,24906,437831,16302,216998,77992,97933,12169,308581,256802,75772,154318,54822,311328,42819,34821,259198,158134,565883,559066,360909,459334,351060,256963,512397,374321,382097,267470,24158,255704,48934,456205,331644,176624,67374,444661,66279,454494,12869,150972,307163,341931
Bochum,621418,435222,516336,236271,235225,92436,486293,242018,352135,435902,525326,347018,394424,436586,366230,253595,50563,22206,17337,534679,452931,38905,0,39656,137034,113433,75647,367495,313830,590498,239406,15473,77253,297356,502783,142782,378503,499457,52751,411493,33096,180583,41577,65895,26383,315768,230463,68028,127979,55805,318624,7614,55974,265318,121718,552994,546177,348020,446445,319022,242452,519585,381508,389285,231054,31273,275573,16971,463392,305305,191067,72171,408246,48329,441605,52510,117337,275125,309893
Wuppertal,615024,408753,529647,230723,248537,58711,499604,272014,382131,454145,555322,307866,412668,466581,384474,219870,35450,50470,36020,552923,446538,54525,38931,0,150345,79709,105319,341026,287361,562680,205681,56414,68205,310667,521027,118211,391815,472988,56873,441489,58360,198827,33124,79206,45362,289299,260459,39592,157975,19630,292046,44271,36485,239916,139962,546601,539784,341627,440052,332333,237681,493115,355039,362815,249298,66216,236421,53628,436923,335301,157342,48092,426490,12522,435212,70847,126916,288436,323204
Bielefeld,598204,477393,388893,315225,107783,199956,358850,182588,248289,365873,421480,454538,325291,343685,317911,344189,182140,112853,151771,469815,429717,169238,137475,147584,0,220954,132443,446449,392784,567550,339844,137664,219526,169913,454465,259109,251061,578411,195106,307647,151003,132264,125178,83974,160817,394722,171032,175549,53690,163733,397577,128819,183175,344272,48219,529780,522963,331012,423231,191579,321406,514033,437366,468238,182736,144598,383094,129349,520146,278816,298588,179691,359927,155849,412523,173428,201787,147682,182450
Bonn,557334,351062,595639,173032,314529,34047,565596,338006,448123,497531,621314,235518,478660,532573,363517,169709,76875,116463,93911,567824,388847,95662,105403,77207,216337,0,171311,283335,219229,504989,147990,115419,88171,376659,500070,96507,457807,415297,93764,507481,99497,264819,99116,145198,86499,220632,326451,60270,223967,58807,234355,110743,73100,182225,205954,488910,482093,283936,382361,398325,179990,435424,297348,305124,315290,107353,164074,120100,379232,401293,61560,39652,405533,68269,377521,108445,114993,354428,389196
Munster,666873,475144,470940,276193,189830,155429,440897,171497,281613,456252,454805,410011,414774,366064,386580,305157,131230,68325,96810,555030,498386,107632,75554,103056,134367,176426,0,407417,353752,636219,300812,79302,157920,251960,523134,214582,333108,539379,133500,340971,94931,200933,80650,51177,105856,355690,159941,131021,57458,119206,358545,70249,136641,305240,142069,598449,591632,387942,491900,273627,282374,582702,421430,429206,251405,77576,338566,62989,503314,234784,254060,135163,428596,111321,481192,111822,157259,229729,264497
Karlsruhe,297100,74419,673087,138718,481636,301021,643044,573412,624698,518150,797889,144512,511049,720093,389301,141676,342776,351551,359812,549870,251258,361563,369738,343108,445929,287038,406716,0,68209,228346,147435,381320,345343,467403,474859,353906,555976,135635,367081,684056,365399,325038,336626,380604,352401,70147,561856,326172,459373,324708,52948,376644,346418,108055,398967,337330,319138,188039,255890,496188,144830,158781,90691,28481,363301,373255,211053,386001,102589,655224,210422,305553,431317,334170,268918,377885,263281,450485,450874
Mannheim,356779,134097,624107,84572,427490,246875,594064,519266,570552,469169,743743,134419,456903,665947,335155,85898,286008,297405,305666,539462,240950,307417,315592,288962,391783,217669,352570,66370,0,288024,93289,327174,282019,413257,471709,290582,501830,198332,302432,629910,311252,270892,282480,326458,298255,2552,507710,272026,405227,270562,19134,322498,281768,57817,344821,327023,308831,177732,245583,442042,90684,218460,80383,88160,309155,319109,181305,331855,162267,601078,147098,251407,377171,280024,258611,317113,209135,396339,396728
Augsburg,79381,163869,588448,362280,601877,522076,558405,721060,744938,433511,782429,371783,442978,840334,428444,362731,563831,574085,580867,465231,148491,582618,592272,564163,566170,508094,634830,228290,289264,0,368490,602375,566398,587643,390220,574961,525891,354663,588136,804296,586454,445278,559160,582720,573456,291202,763812,547227,614319,545764,274003,593141,567473,329110,519208,147144,84065,245241,153124,604238,354329,83236,221375,201109,483541,594310,438323,602498,182157,775465,431477,526608,375235,555225,193440,598940,485815,570726,571114
Wiesbaden,423663,215015,571911,39120,375295,165117,541868,467070,518356,416974,691547,158394,404707,613752,282960,16672,206873,245209,223908,487267,255177,225659,235400,207204,339588,151135,300375,147289,93624,368942,0,245416,229178,361061,419513,237514,449635,279250,231178,577714,229495,218696,230285,274262,216497,95562,455515,190268,353031,188805,98308,240741,210514,46179,292626,355239,348422,150265,248690,389846,46320,299378,161301,169078,256959,237351,152510,250097,243185,548883,102064,169650,324976,198266,243850,241982,156940,344143,344532
Gelsenkirchen,637063,448444,516442,251916,235332,98403,486399,245370,355486,448707,528678,347558,407229,439937,379035,259562,56244,35011,15163,547484,468577,32947,18356,52163,137141,119400,78998,380718,327053,606143,245373,0,83235,297463,515588,148764,378610,512680,58667,414844,16565,193388,57222,66002,24209,328991,233815,80535,131331,68312,331738,13051,61956,279608,134524,568639,561822,363665,462090,319129,258097,532807,394731,402507,243859,14741,276113,20322,476614,308657,197034,84677,421051,60835,457250,36989,132982,275232,310000
Monchengladbach,639415,412900,593696,255114,312586,63434,563653,319641,429758,518195,602949,299340,476717,514209,438086,233531,32934,97091,61752,616972,470929,54078,77562,69385,214395,87416,153270,345174,283051,566827,230072,83507,0,374716,574640,65140,455864,477136,24553,489116,67586,262876,97174,143256,54342,284454,308086,84894,205602,67800,316437,80414,28649,264307,204012,570992,564175,366018,464443,396383,262072,497263,359187,366963,313348,75442,227896,100219,441070,382928,148712,76766,480102,78991,459603,48705,163274,352485,387253
Braunschweig,606949,502706,234518,340538,67561,360674,204475,175504,199382,211499,288707,518560,170916,294778,214892,369502,342857,273570,312488,315441,462113,329955,298192,308302,170174,381671,253142,471762,418097,592863,365157,298381,380243,0,302505,419827,96686,603724,355823,258740,311720,158272,285896,244692,321535,420035,218256,336266,199905,324451,422890,289537,343892,369585,209144,520363,531708,356325,448544,37205,346719,539346,462679,493551,113602,305315,513962,290066,545459,229909,395358,340409,269668,316566,437836,334146,362504,58303,24997
Chemnitz,387300,434459,263238,396784,354181,515297,249518,462125,486003,84644,473541,574806,133749,581399,152193,425748,554944,485314,519703,79598,242463,541272,505407,520388,454863,504337,523523,475490,474343,389897,421403,518170,585065,303302,0,593401,216663,607452,555118,522962,531508,333971,497982,471413,528750,476281,504877,548353,486526,536538,450695,506026,555979,425831,407901,272201,312059,294515,256491,295009,402965,419799,394206,464666,290356,531509,570208,516260,477212,516529,451604,504775,110095,528653,245266,560339,434199,326385,291478
Aachen,646659,420472,638896,262357,357786,86233,608853,381264,491380,563395,664572,263491,521917,575831,445329,241104,85576,159720,126260,649636,478172,113242,148660,120835,259595,94659,214569,352746,290623,574400,237315,159047,63288,419917,581883,0,501064,484708,96576,550738,143126,308076,142374,188456,130128,292026,369709,103528,267225,102436,323680,154001,77243,271550,249212,578235,571418,373261,471686,441583,269315,504835,366759,374535,358548,150982,169290,163357,448642,444551,156284,95175,487345,111526,466846,111257,170517,397685,432454
Magdeburg,522380,510576,155878,425526,149424,442537,125835,257367,281245,126930,332323,603548,86347,376641,169895,454490,424721,355433,394351,230872,377544,411819,380056,390165,252037,463534,335006,556750,503085,524977,450145,380245,462107,98544,217936,501690,0,688712,437686,340603,393583,243260,367759,326555,403398,505023,300119,418129,281768,406314,507878,371400,425755,454573,291007,435794,447139,364195,391571,90251,431707,554879,470549,578539,198590,387179,598950,371930,553329,311772,480346,422272,185099,398430,380347,416009,444367,143291,109985
Freiburg+im+Breisgau,423146,200464,804361,269991,612910,432294,774318,704685,755971,649423,929162,207339,642322,851367,520575,272949,474050,482824,491085,681143,382531,492836,501012,474381,577203,418312,537990,135573,199482,354391,278708,512593,476616,598676,606133,485179,687250,0,498355,815329,496672,456311,467900,511877,483674,201420,693130,457445,590646,455982,184221,507917,477691,239328,530241,468603,450411,319312,387163,627461,276103,284827,221964,154527,494574,504528,302747,517274,228634,786498,341695,436827,562591,465443,400191,509158,394555,581758,582147
Krefeld,632753,431176,574487,248452,293377,58919,544444,294470,404587,486776,577778,317616,445298,489037,417104,251807,28733,73081,37741,585553,464267,24285,53551,59349,195186,90678,128098,363449,301326,585103,223410,58478,32985,355507,553658,97537,436655,495411,0,463945,42557,231457,87137,124047,30330,302729,282915,80379,180431,57499,309775,69074,23225,257645,172593,564329,557513,359356,457781,377174,255410,515538,377462,385238,281929,50413,246171,75048,459346,357757,166987,72251,459120,68955,452941,22289,149651,333276,368044
Lubeck,853175,714884,307784,552716,219377,491091,302905,186097,74985,455815,120769,730738,415232,86809,451549,581680,467092,403987,432671,495844,667209,443494,411415,438718,308128,512088,342075,683940,630275,805041,577335,415164,493782,259855,546821,550244,341002,815902,469361,0,430792,370450,416312,382646,441718,632213,228556,466683,291938,454868,635069,406110,472503,581763,347098,766589,777934,568503,660722,281521,558897,751524,674857,705730,325780,413437,674228,398851,757638,240502,589722,470825,515894,446983,650014,447684,492921,237298,272066
Oberhausen,639077,432805,531317,254776,250207,82764,501274,260245,370361,463581,543552,331919,422104,454812,393910,243922,40605,49886,13855,562359,470591,17308,33231,61443,152016,103761,93873,365079,311414,586732,229733,17330,67596,312338,530463,133125,393485,497040,43028,429719,0,208263,72097,80877,10794,313352,248689,80542,146206,59593,316098,27926,46317,263969,149398,570653,563837,365679,464104,334004,261734,517168,379092,386868,258734,9265,260474,35197,460975,323532,181395,72145,435926,75710,459264,21350,147857,290106,324874
Kassel,476114,355303,380269,193135,168097,248769,350226,287280,311158,254609,484349,371157,213131,406554,195821,222099,230953,161323,195712,353386,307627,217281,181416,196397,130872,269767,199532,324359,270694,445460,217754,194179,255628,153864,316833,307922,242437,456321,231127,370516,207517,0,173991,147421,204758,272632,330032,224362,179021,212546,275487,182035,231988,222182,83910,407690,400873,208922,301141,182649,199316,391943,315276,346149,49762,207518,366559,192269,398057,341685,247955,228504,237837,204662,290433,236348,230550,136946,137334
Hagen,589732,403536,504071,204586,222961,82861,474028,246438,356555,428570,529746,337443,387092,441005,358898,233549,65045,24895,57377,527347,421246,78946,43082,30489,124769,103859,79743,335809,282144,558812,229204,58724,97800,285091,495451,142014,366239,467771,86468,415913,72063,173251,0,53630,66424,284082,234883,58454,132399,46638,286938,43951,66080,233632,114386,521308,514491,316334,414759,306757,210766,487899,349822,357599,223722,70240,265998,53308,431706,309725,181492,62596,400914,38754,409919,92488,85651,262860,297628
Hamm,614002,448669,463898,249719,182787,128955,433854,216279,323294,403381,496485,383536,361903,418690,333709,278683,111138,41851,80769,502158,445515,98236,66473,76582,84596,149952,49584,380943,327278,583348,274338,66662,148524,244918,470263,188107,326065,512905,124104,382652,80001,148062,54176,0,89815,329216,204724,104547,102240,92731,332071,57817,112173,278766,104286,545578,538761,346810,439029,266584,255900,529831,394956,402732,198534,73596,312092,58347,476839,279566,227586,108689,375725,84847,428321,102426,130785,222687,257455
Mulheim+an+der+Ruhr,626068,419796,540575,241766,259465,69754,510532,273090,383207,460141,556398,318909,418663,467657,390469,230913,27711,46446,11145,558918,457581,14323,26916,48433,161274,90752,106718,352069,298404,573723,216724,24173,54401,321595,527023,119930,402743,484031,29892,442564,13989,204822,65816,90135,0,300342,261535,67533,159051,46583,303089,29768,33122,250959,145958,557644,550827,352670,451095,343262,248724,504158,366082,373858,255294,22519,247464,48043,447966,336377,168385,59135,432485,72568,446255,27928,141576,299364,334132
Ludwigshafen+am+Rhein,362805,140124,626887,87352,430271,249655,596844,522046,573332,471950,746523,132086,459683,668728,337936,83565,283675,300185,308446,542243,246977,310197,318372,291742,394564,215336,355351,68584,2807,294051,92145,329954,279686,416037,470579,288249,504610,204359,300099,632690,314033,273672,285260,329238,301035,0,510491,274806,408007,273343,21915,325278,279435,60598,347602,333049,314857,183758,251609,444822,93464,224486,86410,94186,311935,321889,178972,334635,168294,603858,144765,254187,379952,282804,264637,314780,211915,399119,399508
Oldenburg,812699,630691,451216,431740,180810,310976,410225,54260,172046,417248,345237,565558,376666,256497,412982,460704,286977,223872,252557,521190,628642,263379,231300,258604,172564,331973,161960,562964,509299,766475,456359,235049,313667,221288,508254,370129,302436,694926,289247,231404,250678,331883,236198,206725,261603,511237,0,286568,111824,274753,514092,225996,292388,460787,214160,726113,737458,529937,622156,242955,437921,712958,576977,584754,287214,233322,494113,218736,658861,70563,409607,290711,475418,266869,611448,267569,312806,198731,233499
Leverkusen,580721,374449,557555,196420,276444,24408,527511,299922,410038,482053,583230,278990,440575,494489,372198,185566,35741,78378,54518,576505,412234,56269,67318,37814,178253,45405,133227,306722,253057,528376,171377,76026,66549,338575,508752,83561,419722,438684,61563,469396,60105,226734,61032,107114,47107,254995,288367,0,185883,19415,257742,72659,40899,205613,167870,512297,505480,307323,405748,360241,203377,458812,320735,328512,277206,67961,207545,82015,402619,363209,123039,13788,414214,30184,400908,76244,97386,316344,351112
Osnabruck,644802,526951,423073,328000,141962,207236,393029,120752,230868,400053,404060,461818,359470,315319,364509,356964,183237,120132,148817,503995,476315,159639,127560,154864,55513,228233,58220,459224,405559,614148,352619,131309,209927,204093,491059,266389,285240,591186,185507,290226,146938,178862,132458,102985,157863,407497,109197,182828,0,171013,410352,122256,188648,357047,94817,576378,569561,377610,469829,225759,334181,560631,473237,481014,229334,129582,390373,114996,555121,184039,305867,186971,406525,163129,459121,163829,209066,181862,216630
Solingen,598240,391968,543736,213939,262625,41927,513692,286103,396219,468234,569411,291082,426756,480670,389718,203085,36228,64559,42996,567012,429754,55015,53019,19425,164434,62924,119408,324242,270577,545895,188896,74772,68984,324756,526271,101426,405903,456203,57364,455577,58851,212915,47213,93295,45853,272515,274548,26414,172064,0,275261,58360,37263,223132,154051,529816,522999,324842,423267,346422,220896,476331,338255,346031,263387,66707,219637,67716,420138,349390,140558,31308,431734,12305,418427,71337,114905,302525,337293
Heidelberg,344060,121379,633332,93797,436716,256030,603289,528491,579777,478395,752968,161002,466128,675173,344381,96685,297785,306630,314821,527100,228488,316572,324818,298117,401009,242048,361796,53652,26403,275306,102444,336329,308881,422482,452090,317444,511056,185614,322090,639135,320408,280117,291706,335683,307410,26450,516936,281181,414452,279718,0,331653,301427,63789,354047,314560,296368,165269,233120,451267,99909,205741,67921,75441,318380,328264,207889,341010,149549,610304,173960,260562,386397,289179,246148,332894,218361,405565,405953
Herne,624134,444347,508567,238987,227457,94305,478524,237237,347353,438069,520544,348887,396592,431804,368397,255464,53932,24374,20705,536847,455648,44697,7719,41525,129266,115303,70865,376620,322955,593214,241275,14976,80621,289588,504951,153458,370735,508582,70417,406711,28314,182750,44293,58127,29752,324893,225681,69898,123198,57674,327640,0,59342,275510,123886,555710,548893,350736,449161,311254,245168,528709,390633,398409,233222,26491,277442,12189,472517,300524,192936,74040,410413,50198,444321,48739,120053,267356,302125
Neuss,613112,411534,562554,228811,281444,39278,532511,298467,408583,487053,581775,297974,445575,493034,404822,232165,11660,75917,40578,585831,444626,33772,56388,38244,183253,71037,132095,343808,281685,565461,203768,62333,29854,343575,541375,79411,424722,475770,23808,467941,46412,231734,66032,112114,33167,283088,286912,55455,184428,36659,290133,59240,0,238004,172870,544688,537871,339714,438139,365241,235769,495897,357821,365597,282206,54268,226530,79045,439704,361754,147346,47327,446838,47850,433299,38489,130009,321343,356112
Darmstadt,397590,174908,575169,35634,378553,198796,545126,470328,521614,420232,694805,172301,407965,617010,286218,39451,240551,248467,257587,490525,237158,259338,266654,240883,342846,184813,303633,107182,58529,328835,45209,279094,262857,364319,422771,271193,452892,239143,264856,580972,263173,221954,233542,277520,250175,60467,458773,223946,356289,222483,58227,267524,244192,0,295884,337221,330404,132247,230672,393104,41746,259271,126207,128971,260217,271029,186444,276881,203078,552140,132080,203328,328234,231944,225832,275660,160197,347401,347790
Paderborn,550555,429744,426225,267576,145115,189533,396182,261743,285621,339934,458812,445598,298456,381017,270262,296540,171716,102087,136475,438711,382068,158044,122179,137161,46734,210530,140296,398800,345135,519901,292195,134942,196391,207245,406816,248686,288392,530762,171890,344979,148280,84615,114755,103796,145522,347073,231416,165125,94883,153310,349928,122799,172751,296623,0,482131,475314,283363,375582,228911,273757,466384,389717,420589,135087,148282,372670,133032,472497,316148,288164,169268,312278,145425,364874,177112,191363,185014,219782
Regensburg,126588,296832,498328,323346,573290,504882,468285,681233,705111,343390,692308,457601,352857,800507,327212,358021,546637,535151,567634,346501,111735,565424,553338,546969,527687,490899,590316,337864,328068,147857,354484,568981,568943,522410,271490,577279,435771,469826,570942,741729,569259,406795,520226,544237,556261,330006,723985,530032,575836,528569,313069,554208,550279,327465,480725,0,98210,207843,116367,514117,315395,219820,256579,327039,445058,577116,504488,563564,318741,735638,438166,509414,285114,538031,120603,581746,446881,532243,510587
Ingolstadt,81386,236579,509988,317723,557771,499259,479945,692893,716771,355050,703968,440809,364517,812167,321633,352398,541014,529528,562011,386770,94675,559801,547715,541346,522064,485276,584693,321072,311276,83984,348861,563358,563320,534070,311760,571656,447431,427374,565319,753389,563636,401172,514603,538614,550638,313214,735644,524409,570213,522946,296277,548584,544655,321841,475102,98216,0,202219,99307,525777,309772,155947,239787,273820,439435,571492,487696,557941,254867,747297,432543,503791,296774,532407,114979,576123,441258,526620,522246
Wurzburg,277708,146830,492254,118680,366177,300215,462211,485360,509238,337316,686234,294840,314293,604634,192744,153355,341970,330484,362967,369036,109222,360757,348671,342302,330470,286233,385650,188088,178292,245045,149818,364314,364276,351943,294026,372612,363693,320050,366275,568596,364593,209578,315559,347020,351595,180230,528112,325366,378619,323902,163293,349541,345612,122798,283508,209284,202467,0,102735,380728,110729,191528,106803,177037,247841,372449,300348,358897,189584,539765,233500,304747,234760,333364,97895,377079,242214,335026,335414
Furth,174400,215117,454304,218350,458398,399886,424261,577581,601459,299366,648284,375886,308833,696855,221969,253025,441641,430155,462638,331086,9539,460428,448342,441973,422691,385903,485320,256149,246353,154126,249488,463985,463947,444164,256076,472283,391747,388111,465946,660817,464263,301799,415230,439241,451265,248291,620333,425036,470840,423573,231354,449211,445283,222469,375729,117646,99159,102847,0,470093,210399,200457,174864,245325,340062,472119,422773,458568,257871,631986,333170,404418,241090,433035,15316,476750,341885,427247,427635
Wolfsburg,600831,526778,228400,364610,88798,381911,198357,196742,220620,205380,249632,542632,164798,316016,248345,393574,364095,294808,333726,309322,455994,351193,319430,329539,191411,402909,274380,495834,442169,603428,389229,319619,401481,37919,296386,441064,90568,627796,377061,279978,332957,182343,307133,265929,342772,444107,239493,357504,221143,345688,446962,310774,365130,393657,230381,514245,525590,380397,470021,0,370791,563418,486751,517623,137674,326553,538034,311304,569531,251146,419430,361646,263550,337804,458797,355383,383742,82374,49068
Offenbach+am+Main,384877,212627,551605,10167,354989,196575,521562,446764,498050,396667,671241,191200,384401,593446,262654,49714,238330,224903,255366,466961,216391,257117,243090,238662,319282,182592,280069,144900,91235,353957,46177,258733,260636,340755,399207,268972,429328,276862,262635,557408,260952,198390,209978,253956,247954,93173,435209,221725,332725,220262,96028,243960,241972,33505,272320,316453,309637,111479,209904,369540,0,300441,158913,166689,236653,268809,196708,253316,240797,528576,129859,201107,304670,229724,205064,273439,136633,323837,324226
Ulm,150536,94523,617063,290427,548389,452730,587020,667572,691451,462125,811043,302437,471592,786846,374957,293385,494486,503260,511521,493845,195233,513272,521448,494817,512682,438748,558426,158945,219918,81781,299144,533029,497052,534156,418835,505615,554506,285317,518791,750809,517108,391791,488336,529232,504110,221856,710324,477881,560831,476418,204657,528353,498127,259764,465720,218299,155220,191753,199865,562941,296539,0,152029,131764,430054,524964,368977,537710,112811,721977,362131,457263,403849,485879,212893,529594,414991,517238,517627
Heilbronn,290555,53290,593638,152036,474362,314339,563595,593545,617423,438700,787618,211060,448167,712819,300929,154994,356094,364869,373130,470420,171808,374881,383056,356426,438655,300356,420034,91323,81527,221801,160753,394638,358661,460128,395410,367224,471878,223284,380399,676781,378717,317763,349944,393922,365719,83465,575174,339490,472691,338026,66528,389962,359736,125281,391693,257880,239688,108589,176440,488913,158148,152236,0,83497,356026,386573,257947,399319,96043,647950,223740,318871,342945,347488,189468,391203,276599,443211,443599
Pforzheim,267451,44769,659539,160454,503373,322757,629496,595148,646434,504602,819625,172464,488175,741830,366627,163412,364513,373287,381548,536322,237709,383299,391475,364844,467666,308775,428453,28972,89945,198696,169171,403056,367079,489139,461311,375642,577712,155344,388817,705792,387135,346774,358362,402340,374137,91883,583593,347908,481109,346445,74684,398380,368154,129791,420704,323782,272135,174287,242342,517924,166566,129132,80920,0,385037,394991,239004,407737,72939,676961,232158,327290,408643,355906,255370,399621,285018,472221,472610
Gottingen,514775,393964,335033,231797,122861,298109,304990,242044,265922,228779,439114,409818,187301,361318,188044,260760,280293,210663,245051,327556,346289,266620,230755,245737,180211,319106,248872,363020,309355,484121,256415,243518,304968,108628,291004,357262,197201,494982,280466,325280,256856,49530,223331,196761,254098,311294,284796,273701,228360,261886,314149,231375,281327,260843,133249,446351,439535,247583,339802,137413,237977,430605,353938,384810,0,256858,405221,241609,436718,296449,286617,277844,204119,254002,329095,285688,269211,91710,92098
Bottrop,647412,441140,524039,263111,242929,91099,493996,244393,354509,462854,527701,340254,421376,438960,393182,252257,48940,45872,12330,561632,478926,25643,29217,63023,144737,112096,78021,373414,319749,595067,238068,13316,75931,305059,529736,141460,386207,505375,51363,413867,9260,207535,70619,73598,22401,321687,232837,91395,130354,67928,324433,23912,54652,272304,148671,578988,572171,374014,472439,326725,270068,525503,387427,395203,258007,0,268809,24600,469310,307680,189730,80480,435198,71696,467599,29685,146380,282828,317596
Trier,507631,284949,722448,188143,461477,194746,692405,484954,595071,567511,768262,99200,555244,679521,433497,148447,211893,263411,241230,637804,418607,242980,252351,224526,363285,164871,318259,211753,181905,438876,153012,262737,207904,511598,570050,194664,600172,307662,228316,654429,246816,369233,246064,292146,233818,183308,473399,207218,370915,206126,202947,257691,207653,186712,352902,504680,486488,300817,423240,540383,196871,369312,258041,239012,407496,254672,0,267048,313119,548241,130368,201928,475513,215217,394402,242997,212733,494681,495069
Recklinghausen,634022,454235,510430,248876,229319,104193,480386,228468,338584,449245,511775,358775,407767,423035,379573,265352,73284,34262,38863,548022,465536,49685,17607,51413,131128,125191,62096,386508,332843,603102,251163,21356,99973,291450,516127,163346,372597,518470,75553,397942,36984,193926,54181,59989,47910,334781,216912,79786,114429,67563,337528,12302,78694,285398,135062,565598,558782,360624,459049,313116,255056,538597,400521,408297,244398,25045,287330,0,482405,291754,202824,83928,421589,60086,454209,53876,129941,269219,303987
Reutlingen,250761,38840,675045,234824,555566,397127,645002,674749,698627,520108,869026,246834,503681,794023,382133,237782,438882,447657,455918,551828,253215,457669,465844,439214,519859,383145,502823,103342,164315,182007,243541,477426,441449,541332,476817,450012,553082,229714,463187,757985,461505,398967,432732,476710,448507,166253,657963,422278,555479,420815,149054,472750,442524,204161,472896,318524,255445,189793,257848,570117,240936,112442,96426,76160,437230,469361,313374,482107,0,729153,306528,401659,424149,430276,270876,473991,359387,524414,524803
Bremerhaven,821429,685048,460250,522880,189540,383424,418955,64142,181080,425978,354271,638006,385396,265531,421712,551844,359425,296320,325005,529920,637372,335827,303749,331052,278292,404421,234408,654104,600439,775205,547499,307497,386115,230018,516984,442577,311166,786066,361695,240438,323126,340613,308646,279173,334051,602377,69893,359016,184272,347201,605232,298444,364836,551927,317262,734843,746188,538667,630886,251685,529061,721688,645021,675893,295944,305771,566561,291184,727801,0,482055,363159,484148,339317,620178,340017,385254,207461,242229
Koblenz,509339,279110,604473,125038,393912,114503,574430,417389,527506,449536,700697,199537,437269,611957,315522,99741,151472,195846,173294,519829,340852,175045,184786,156590,295720,83133,250694,211383,149260,433037,99995,194802,147484,393623,452075,156046,482197,343345,167896,586864,178880,251258,178499,224581,165883,150664,405834,139653,303350,138190,186360,190126,147233,134230,285338,440915,434098,235941,334366,422408,131995,363473,225396,233173,289521,186737,128092,199483,307280,480676,0,119035,357538,147652,329526,182577,94758,376705,377094
Bergisch+Gladbach,580119,373847,558160,195818,277050,18099,528117,300528,410644,482659,583835,272961,441181,495095,356427,184964,48907,78984,65942,560734,411633,67693,67924,49238,178859,44803,133832,306121,252456,527774,170775,85407,78197,339180,492981,96203,420328,438082,73212,470002,71529,227340,61638,107720,58531,254394,288972,22142,186489,30839,257140,73264,52548,205011,168476,511695,504878,306721,405146,360847,202775,458210,320134,327910,277812,79385,201516,82621,402017,363814,122437,0,398443,30790,400306,84015,81615,316949,351717
Jena,370607,382028,260022,298862,334984,417375,229979,442927,466805,105084,454002,476884,114551,562201,54271,327826,457022,387393,421781,175377,225771,443350,407485,422467,356941,406415,425602,430086,376421,373205,323481,420248,487143,284104,107624,495479,197465,562048,457196,503423,433586,236049,400061,373491,430828,378359,485679,450431,405090,438616,381214,408105,458057,327909,309979,284021,295367,235647,239798,275811,305043,403106,342001,412236,202982,433588,472286,418338,424782,497332,353682,406853,0,430731,228574,462418,336277,265731,272281
Remscheid,607798,401526,535253,223497,254143,51485,505210,277620,387737,459752,560928,306067,418274,472187,390080,212644,46944,56077,45829,558529,439312,66018,45017,22257,155951,72482,110925,333800,280135,555454,198455,62500,79699,316273,526633,110638,397421,465762,68366,447095,75839,204433,38730,84812,50042,282073,266065,27077,163581,12248,284820,50357,47978,232690,145568,539374,532558,334401,432826,337939,230455,485889,347813,355589,254904,74015,234622,59714,429696,340907,150116,31220,432096,0,427986,82340,124463,294042,328810
Erlangen,188431,228509,442150,212577,447709,394113,412107,566892,590770,287213,636131,388738,296680,686166,209074,247252,435868,424382,456865,318933,22160,454654,442569,436200,412002,380130,480663,269540,259745,191028,243715,458212,458173,433476,243922,466510,379594,401502,460173,650128,458490,291110,409457,428552,445492,261683,609644,419263,460151,417800,244745,443438,439509,216695,365040,120007,113190,97073,15674,457940,204626,213849,188256,258716,329374,466346,394246,452795,271262,621297,327397,398645,228937,427261,0,470977,336112,416558,416946
Moers,650430,444158,553221,266129,272111,74506,523178,273204,383321,492037,556512,333203,450559,467772,422365,267394,44320,69768,37673,590814,481943,12837,53444,72796,173920,106265,106833,376431,316913,598085,241086,37212,48572,334241,558918,113124,415389,508393,22210,442679,21291,236718,91979,102781,35381,318316,261649,95966,159165,70945,327451,47808,38812,275321,177853,582006,575189,377032,475457,355908,273086,528520,390444,398221,287189,29147,261758,53782,472328,336491,182574,83497,464381,82402,470617,0,165238,312010,346778
Siegen,516206,330010,580266,131060,299156,93426,550223,322634,432750,420769,605941,309082,408502,517201,286755,160024,133440,100773,133256,491062,347720,152227,118960,124767,200965,120130,155938,262284,208619,485287,155679,134603,163194,361286,423309,171530,442434,394246,151738,492108,147941,222491,85848,129826,142302,210557,311078,116836,208595,115372,213412,119829,131075,160107,190582,447783,440966,242809,341234,382953,137241,414373,276297,284073,260755,146118,223087,129186,358180,385920,103780,82904,328771,124834,336394,166419,0,339055,348327
Hildesheim,601129,480318,280434,318150,34903,339589,250391,154086,177964,230750,351156,496172,190168,273360,216982,347114,321772,252485,291403,334692,432642,308870,277107,287216,149088,360586,232057,449374,395709,570475,342769,277296,359158,54029,319942,398742,142602,581336,334738,237322,290635,135883,264810,223607,300450,397647,196838,315181,178820,303366,400502,268452,322807,347197,188059,532705,525888,333937,426156,82813,324331,516958,440291,471163,91214,284230,491574,268981,523071,208491,372970,319323,266200,295481,415448,313061,341419,0,37499
Salzgitter,591201,482296,251244,320128,69044,373729,221201,188227,212105,195750,385296,498150,155168,307501,218961,349092,355913,286626,325544,299692,434620,343011,311248,321357,183229,394727,266198,451352,397687,572453,344747,311437,393299,24839,286756,432882,113412,583314,368879,271463,324775,137862,298951,257747,334590,399625,230979,349322,212961,337506,402480,302592,356948,349175,222199,504615,515960,335915,428134,53624,326309,518936,442269,473141,93192,318371,493552,303122,525049,242632,374948,353464,253920,329622,417426,347201,357543,37893,0
